Date,symbol,Low,High,Close,Open,Volume
2015-07-01,UA,83.71,84.74,84.26,84.26,1607600.0
2015-07-02,UA,83.9,84.78,84.59,84.49,1051600.0
2015-07-06,UA,83.71,85.0,84.58,83.99,888600.0
2015-07-07,UA,83.31,84.95,84.94,84.8,1398700.0
2015-07-08,UA,83.87,85.13,84.39,84.37,1733100.0
2015-07-09,UA,84.48,85.8,84.49,85.39,1920000.0
2015-07-10,UA,84.77,86.4,86.24,85.45,1684200.0
2015-07-13,UA,87.09,89.46,89.35,87.16,2721800.0
2015-07-14,UA,88.27,89.3,88.8,89.28,1857400.0
2015-07-15,UA,88.1,89.0,88.28,88.8,1373400.0
2015-07-16,UA,84.37,87.23,85.35,86.95,6208300.0
2015-07-17,UA,85.42,87.65,87.22,85.52,2706600.0
2015-07-20,UA,87.66,89.47,88.95,87.9,2695900.0
2015-07-21,UA,87.6,89.1,88.34,88.67,1973000.0
2015-07-22,UA,88.0,89.96,89.37,88.0,3043300.0
2015-07-23,UA,93.35,97.69,95.93,93.5,10030500.0
2015-07-24,UA,94.75,97.19,96.05,96.71,3985200.0
2015-07-27,UA,94.19,96.49,96.43,95.23,2993000.0
2015-07-28,UA,96.01,97.93,97.85,97.0,2731800.0
2015-07-29,UA,97.6,98.91,98.82,97.85,2164700.0
2015-07-30,UA,98.15,99.43,99.28,98.66,1759900.0
2015-07-31,UA,98.7,100.02,99.33,99.89,2358700.0
2015-08-03,UA,97.09,99.66,98.26,99.66,2536200.0
2015-08-04,UA,97.76,99.59,99.35,98.54,1471900.0
2015-08-05,UA,99.51,101.82,101.04,99.84,2062800.0
2015-08-06,UA,97.58,101.78,98.19,101.14,2422700.0
2015-08-07,UA,96.32,98.2,97.93,98.15,2471800.0
2015-08-10,UA,98.56,100.19,98.75,98.93,2074700.0
2015-08-11,UA,97.69,99.36,99.09,98.39,1545300.0
2015-08-12,UA,95.85,98.46,97.77,98.44,2535500.0
2015-08-13,UA,97.65,100.51,99.4,98.13,1871300.0
2015-08-14,UA,98.93,100.64,100.25,99.61,1378000.0
2015-08-17,UA,98.7,100.75,100.74,100.23,1676100.0
2015-08-18,UA,100.0,101.68,100.36,100.61,1277800.0
2015-08-19,UA,99.1,100.6,100.06,99.87,1195800.0
2015-08-20,UA,96.55,99.25,96.65,99.01,2127100.0
2015-08-21,UA,89.26,95.4,90.03,95.07,6884000.0
2015-08-24,UA,80.12,88.69,85.44,81.12,9271200.0
2015-08-25,UA,87.0,91.37,87.02,89.05,5278800.0
2015-08-26,UA,87.03,90.92,90.76,89.69,3713700.0
2015-08-27,UA,92.6,95.78,95.69,93.55,4650500.0
2015-08-28,UA,94.61,97.41,96.41,95.12,2982500.0
2015-08-31,UA,95.19,97.49,95.53,96.03,2110100.0
2015-09-01,UA,92.52,95.03,93.16,93.36,2812500.0
2015-09-02,UA,93.2,95.64,95.64,94.53,2898900.0
2015-09-03,UA,95.07,97.02,95.63,96.09,2619300.0
2015-09-04,UA,93.91,95.67,95.0,94.52,1687900.0
2015-09-08,UA,95.53,97.66,97.07,97.0,1969700.0
2015-09-09,UA,94.86,97.98,95.11,97.9,2072600.0
2015-09-10,UA,94.18,96.86,96.17,95.0,2184000.0
2015-09-11,UA,95.3,96.91,96.59,95.66,1381300.0
2015-09-14,UA,95.09,96.94,96.15,96.52,1460200.0
2015-09-15,UA,95.72,98.88,98.68,96.59,2196000.0
2015-09-16,UA,97.33,103.56,103.36,98.63,6663100.0
2015-09-17,UA,103.06,105.89,104.1,103.36,5215200.0
2015-09-18,UA,101.77,104.59,101.8,102.62,4911500.0
2015-09-21,UA,101.6,104.37,103.07,102.24,2003700.0
2015-09-22,UA,100.63,102.6,101.89,101.52,1762200.0
2015-09-23,UA,100.85,102.54,101.43,102.01,1564300.0
2015-09-24,UA,99.22,102.45,102.19,100.87,1830900.0
2015-09-25,UA,103.04,105.85,103.71,104.59,3079500.0
2015-09-28,UA,100.21,104.02,100.79,103.57,3852200.0
2015-09-29,UA,93.32,100.96,93.96,100.83,5237600.0
2015-09-30,UA,94.68,98.54,96.78,96.21,4319800.0
2015-10-01,UA,95.65,98.95,98.84,97.06,2663100.0
2015-10-02,UA,95.83,100.25,100.25,97.6,2546800.0
2015-10-05,UA,99.63,102.0,101.86,101.35,2148300.0
2015-10-06,UA,99.3,102.17,99.86,101.49,2122900.0
2015-10-07,UA,96.88,100.55,99.06,100.25,3172000.0
2015-10-08,UA,98.14,101.45,101.14,99.0,1815200.0
2015-10-09,UA,100.06,102.47,102.32,101.0,1663300.0
2015-10-12,UA,101.64,104.74,103.35,102.28,1677500.0
2015-10-13,UA,100.48,102.72,101.3,101.09,2819600.0
2015-10-14,UA,96.93,101.6,97.28,100.49,3648800.0
2015-10-15,UA,97.63,99.72,99.49,98.37,2254100.0
2015-10-16,UA,98.98,101.43,100.08,100.96,2813200.0
2015-10-19,UA,98.88,100.69,100.45,99.8,2434900.0
2015-10-20,UA,98.95,101.24,99.97,100.31,2380500.0
2015-10-21,UA,98.66,100.74,99.15,100.6,3973800.0
2015-10-22,UA,90.63,100.67,93.81,98.07,13768100.0
2015-10-23,UA,88.01,93.68,92.02,93.38,9419200.0
2015-10-26,UA,91.5,94.72,94.06,92.0,3710600.0
2015-10-27,UA,93.27,95.21,94.73,93.77,2528200.0
2015-10-28,UA,94.23,96.56,96.54,94.96,2402400.0
2015-10-29,UA,94.75,96.92,96.36,96.29,2332200.0
2015-10-30,UA,94.96,96.5,95.08,96.45,2315700.0
2015-11-02,UA,93.65,95.97,95.7,95.24,1842400.0
2015-11-03,UA,95.18,96.49,96.4,95.59,2036100.0
2015-11-04,UA,94.81,96.59,95.3,96.36,2265000.0
2015-11-05,UA,94.38,96.66,96.03,96.07,2096800.0
2015-11-06,UA,95.5,97.54,96.01,95.5,1706700.0
2015-11-10,UA,92.73,95.58,95.48,93.32,2093700.0
2015-11-11,UA,92.53,95.84,93.57,95.44,2931000.0
2015-11-12,UA,92.28,94.16,92.36,93.18,3065800.0
2015-11-13,UA,86.08,91.0,87.43,90.89,7257300.0
2015-11-16,UA,86.42,90.07,90.0,87.41,3573300.0
2015-11-17,UA,84.19,88.0,84.99,87.49,10443700.0
2015-11-18,UA,84.65,87.34,87.3,85.24,4230600.0
2015-11-19,UA,87.5,89.65,89.25,87.75,3894700.0
2015-11-20,UA,90.49,92.99,92.01,90.49,5281000.0
2015-11-23,UA,91.94,93.02,92.16,92.01,3436600.0
2015-11-24,UA,91.15,92.92,92.08,91.3,2049900.0
2015-11-25,UA,91.75,92.59,92.1,92.0,1547400.0
2015-11-27,UA,89.32,92.71,89.68,92.52,1820900.0
2015-11-30,UA,85.78,87.65,86.22,87.58,4866400.0
2015-12-01,UA,86.11,87.69,87.18,86.79,2761100.0
2015-12-02,UA,86.41,88.56,86.92,87.0,2491400.0
2015-12-03,UA,83.11,87.5,84.15,87.01,3478100.0
2015-12-04,UA,84.0,87.47,87.31,84.5,3859200.0
2015-12-07,UA,85.78,87.44,86.58,87.0,2206700.0
2015-12-08,UA,85.71,87.99,87.23,86.03,2950900.0
2015-12-09,UA,85.32,88.27,86.31,86.48,2446700.0
2015-12-10,UA,85.48,86.76,85.67,86.26,1731600.0
2015-12-11,UA,82.12,84.92,82.56,84.86,4119500.0
2015-12-15,UA,81.37,83.84,81.52,83.83,3157000.0
2015-12-16,UA,81.03,83.2,83.11,81.9,3283200.0
2015-12-17,UA,81.23,83.8,81.27,83.62,2515700.0
2015-12-18,UA,80.84,82.72,80.87,81.7,3532400.0
2015-12-21,UA,80.41,82.0,80.97,81.31,1769400.0
2015-12-22,UA,77.78,81.35,80.37,81.05,5797200.0
2015-12-23,UA,80.89,83.0,81.99,82.91,4117800.0
2015-12-24,UA,79.91,81.91,81.2,81.71,1580400.0
2015-12-28,UA,80.11,81.92,81.22,81.1,1659600.0
2015-12-29,UA,81.39,82.75,82.25,81.68,1847300.0
2015-12-30,UA,80.64,82.45,80.96,82.19,1620900.0
2015-12-31,UA,80.47,81.72,80.61,80.89,2354500.0
2016-01-04,UA,78.45,80.12,79.66,79.67,4617200.0
2016-01-05,UA,79.55,81.5,80.15,81.23,2605100.0
2016-01-06,UA,78.63,80.86,79.87,78.75,3125200.0
2016-01-07,UA,77.53,80.63,78.0,78.61,3662000.0
2016-01-08,UA,74.78,78.48,75.0,78.35,4804100.0
2016-01-11,UA,67.43,72.41,69.96,70.87,14518200.0
2016-01-12,UA,69.32,72.19,72.15,71.05,5829000.0
2016-01-13,UA,71.69,73.9,71.87,71.87,5153000.0
2016-01-14,UA,67.85,71.85,69.87,71.75,5516800.0
2016-01-15,UA,67.25,69.41,68.63,67.76,3887100.0
2016-01-19,UA,66.43,69.56,67.11,69.05,3986300.0
2016-01-20,UA,63.23,68.3,67.34,65.8,6755300.0
2016-01-21,UA,67.0,70.34,69.06,67.6,5029400.0
2016-01-22,UA,69.12,70.81,70.79,69.84,3316700.0
2016-01-25,UA,67.79,70.8,68.16,70.75,3558500.0
2016-01-26,UA,66.09,68.4,67.36,67.11,4730100.0
2016-01-27,UA,66.93,70.26,68.58,67.0,5782100.0
2016-01-28,UA,78.11,84.78,84.07,79.49,18569300.0
2016-01-29,UA,82.01,86.29,85.43,83.88,8236800.0
2016-02-01,UA,83.31,85.58,85.13,84.8,4930300.0
2016-02-02,UA,80.92,85.95,82.0,84.92,4095900.0
2016-02-03,UA,78.33,82.79,80.9,82.17,4284600.0
2016-02-04,UA,78.63,80.68,80.54,80.09,3015400.0
2016-02-05,UA,74.44,80.89,77.33,80.48,7018800.0
2016-02-09,UA,70.84,75.3,72.35,71.45,5359100.0
2016-02-10,UA,71.8,76.05,74.48,73.01,4766800.0
2016-02-11,UA,71.19,73.98,72.58,73.07,3899400.0
2016-02-12,UA,72.84,76.36,76.29,73.86,3764500.0
2016-02-16,UA,77.68,81.22,79.94,77.99,6089500.0
2016-02-17,UA,80.24,83.63,82.97,80.95,4225100.0
2016-02-18,UA,80.72,83.45,81.03,83.16,2889800.0
2016-02-19,UA,79.04,81.87,80.64,80.5,3010600.0
2016-02-23,UA,79.83,81.98,80.5,81.07,2340700.0
2016-02-24,UA,79.19,82.6,82.15,79.85,2416300.0
2016-02-25,UA,81.87,83.7,83.06,82.41,2250800.0
2016-02-26,UA,82.5,84.93,83.81,83.2,2803900.0
2016-02-29,UA,83.14,84.44,83.69,84.2,2057200.0
2016-03-01,UA,83.85,85.79,84.93,84.14,2468100.0
2016-03-02,UA,83.07,84.97,83.93,84.83,1895100.0
2016-03-03,UA,80.57,83.47,83.09,82.4,3229300.0
2016-03-04,UA,82.25,84.64,84.0,83.35,2875800.0
2016-03-07,UA,82.38,84.49,83.2,83.56,2642100.0
2016-03-08,UA,81.19,82.92,81.3,82.44,2334600.0
2016-03-09,UA,78.9,81.68,80.3,81.59,3291000.0
2016-03-10,UA,80.04,82.19,81.03,81.15,1894900.0
2016-03-11,UA,80.37,82.78,82.45,81.56,1727400.0
2016-03-14,UA,81.4,82.4,81.81,82.39,2269900.0
2016-03-15,UA,80.37,81.8,81.02,81.69,1880600.0
2016-03-16,UA,79.86,81.18,81.0,80.88,1795700.0
2016-03-17,UA,80.97,83.99,83.14,81.14,3495100.0
2016-03-18,UA,83.42,85.3,84.28,83.54,3595500.0
2016-03-22,UA,83.54,85.36,84.45,85.36,2245100.0
2016-03-23,UA,41.2078,41.4064,41.2078,41.4064,200.0
2016-03-24,UA,40.5823,40.5823,40.5823,40.5823,100.0
2016-03-28,UA,40.5823,40.5823,40.5823,40.5823,0.0
2016-03-29,UA,40.5823,40.5823,40.5823,40.5823,0.0
2016-03-30,UA,41.178000000000004,41.7043,41.7043,41.188,3700.0
2016-03-31,UA,41.4263,41.7043,41.4263,41.7043,600.0
2016-04-01,UA,40.8007,40.8007,40.8007,40.8007,100.0
2016-04-04,UA,40.8007,40.8007,40.8007,40.8007,0.0
2016-04-05,UA,40.2149,41.7341,40.8007,40.2149,1700.0
2016-04-06,UA,40.7709,41.7043,41.5057,41.0589,700.0
2016-04-07,UA,41.2674,41.8334,41.2674,41.7937,5900.0
2016-04-08,UA,41.0301,44.0378,43.7101,41.3171,3602300.0
2016-04-11,UA,40.6816,43.3725,41.1681,43.3328,4094900.0
2016-04-12,UA,39.9468,41.3667,41.3568,40.9596,3613200.0
2016-04-13,UA,41.038999999999994,42.3795,41.5057,41.038999999999994,4424600.0
2016-04-14,UA,41.6149,42.5583,41.9327,41.6944,2526000.0
2016-04-15,UA,40.9,41.754,41.7043,41.5256,2360700.0
2016-04-18,UA,41.0986,42.2405,42.1214,41.0986,2541700.0
2016-04-19,UA,41.9526,43.0547,42.6973,42.2504,1644600.0
2016-04-20,UA,42.449,43.2633,42.458999999999996,42.5583,2267300.0
2016-04-21,UA,43.6803,46.2024,45.4081,46.0237,3271000.0
2016-04-22,UA,43.7796,45.8549,44.7428,45.1598,2398800.0
2016-04-25,UA,44.11,44.9,44.26,44.89,2107500.0
2016-04-26,UA,43.85,44.89,43.95,44.21,2181100.0
2016-04-27,UA,41.7518,44.21,42.16,44.19,1280900.0
2016-04-28,UA,41.84,43.09,41.89,42.11,1445800.0
2016-04-29,UA,40.47,41.89,40.8,41.71,1964100.0
2016-05-02,UA,39.88,40.82,40.27,40.57,1453800.0
2016-05-03,UA,39.42,40.47,40.12,39.42,1539200.0
2016-05-04,UA,37.04,38.9,37.39,38.85,4512000.0
2016-05-05,UA,37.08,38.17,37.49,37.4,1121600.0
2016-05-06,UA,36.27,37.35,36.38,37.0,1346900.0
2016-05-09,UA,35.9661,36.72,36.31,36.31,1705600.0
2016-05-10,UA,36.4,37.28,36.55,36.59,1282800.0
2016-05-11,UA,34.805,36.119,35.23,36.0,1955100.0
2016-05-12,UA,34.81,35.66,35.19,35.57,1646000.0
2016-05-13,UA,34.48,35.23,34.71,34.97,1921600.0
2016-05-16,UA,34.4496,34.905,34.54,34.58,1696000.0
2016-05-17,UA,34.095,34.74,34.47,34.45,1895500.0
2016-05-18,UA,33.7,34.4,34.22,34.33,981000.0
2016-05-19,UA,33.78,35.0,34.85,33.78,1057400.0
2016-05-20,UA,34.73,35.65,35.58,34.89,1052900.0
2016-05-23,UA,34.75,36.0,34.83,35.53,678100.0
2016-05-24,UA,34.99,36.09,35.58,35.01,1143100.0
2016-05-25,UA,35.35,36.0,35.48,35.91,1323000.0
2016-05-26,UA,34.91,35.51,34.92,35.51,868300.0
2016-05-27,UA,34.84,35.21,35.06,34.97,1105500.0
2016-05-31,UA,34.65,35.4,34.97,35.24,6311400.0
2016-06-01,UA,32.626,33.755,33.72,33.39,3081000.0
2016-06-02,UA,33.66,34.32,34.22,33.6677,2783900.0
2016-06-03,UA,33.78,34.32,34.16,33.78,967900.0
2016-06-06,UA,34.12,34.57,34.4,34.17,1956500.0
2016-06-07,UA,34.21,35.28,35.2,34.8,1441100.0
2016-06-08,UA,35.28,36.55,36.44,35.67,1287100.0
2016-06-09,UA,35.84,36.315,36.14,36.23,1225000.0
2016-06-10,UA,35.7,36.41,35.79,35.75,616900.0
2016-06-13,UA,34.62,35.74,34.68,35.62,1254300.0
2016-06-14,UA,34.0,34.75,34.4,34.66,1085900.0
2016-06-15,UA,34.45,35.47,34.77,34.45,1062800.0
2016-06-16,UA,33.16,34.27,33.48,34.22,1215400.0
2016-06-17,UA,33.6,34.25,34.14,33.72,1302200.0
2016-06-20,UA,34.65,35.17,34.77,34.71,845900.0
2016-06-21,UA,34.75,35.48,34.92,34.91,585500.0
2016-06-22,UA,34.26,35.01,34.32,34.95,635400.0
2016-06-23,UA,34.4,34.775,34.67,34.55,1260800.0
2016-06-24,UA,32.85,33.913000000000004,33.5,32.85,1992600.0
2016-06-27,UA,31.31,33.075,31.9,32.96,1415800.0
2016-06-28,UA,32.1163,33.97,33.9,32.25,1570600.0
2016-06-29,UA,34.58,36.11,35.91,34.595,1750600.0
2016-06-30,UA,35.22,36.42,36.4,35.91,853300.0
2016-07-01,UA,36.260999999999996,36.98,36.84,36.265,922500.0
2016-07-05,UA,35.12,36.6182,35.51,36.5,613200.0
2016-07-06,UA,35.26,36.27,36.26,35.345,558500.0
2016-07-07,UA,36.14,36.88,36.88,36.2,591900.0
2016-07-08,UA,36.373000000000005,37.1,36.78,36.82,700300.0
2016-07-11,UA,36.39,36.955,36.57,36.87,547200.0
2016-07-12,UA,36.62,38.07,37.87,36.62,1145500.0
2016-07-13,UA,36.933,38.0,37.22,37.6106,956800.0
2016-07-14,UA,36.86,37.66,37.02,37.38,862300.0
2016-07-15,UA,36.98,37.395,37.23,37.13,872200.0
2016-07-18,UA,37.145,37.5,37.2,37.22,472400.0
2016-07-19,UA,36.81,37.318000000000005,36.95,36.91,752100.0
2016-07-20,UA,36.7,37.27,36.79,37.17,1092500.0
2016-07-21,UA,36.54,37.44,37.27,36.54,617200.0
2016-07-22,UA,36.8,37.67,37.48,37.02,564200.0
2016-07-25,UA,36.92,38.78,38.78,37.4,1865500.0
2016-07-26,UA,36.51,39.42,37.5,38.43,3664300.0
2016-07-27,UA,35.43,37.52,35.93,37.5,1135600.0
2016-07-28,UA,35.18,36.05,35.75,35.73,577500.0
2016-07-29,UA,35.14,35.89,35.7,35.39,1040800.0
2016-08-01,UA,35.36,36.13,35.5,35.66,614400.0
2016-08-02,UA,34.14,35.41,34.39,35.36,882700.0
2016-08-03,UA,33.66,35.45,35.27,33.7,795700.0
2016-08-04,UA,34.98,35.64,35.14,35.1,627900.0
2016-08-05,UA,35.3,36.395,36.17,35.3,646300.0
2016-08-08,UA,35.69,36.873000000000005,35.93,36.22,513500.0
2016-08-09,UA,35.47,36.26,35.57,35.75,568600.0
2016-08-10,UA,35.38,36.39,35.43,35.89,491100.0
2016-08-11,UA,35.71,37.38,37.02,35.71,912400.0
2016-08-12,UA,36.7289,37.5,37.1,36.95,900000.0
2016-08-15,UA,37.14,38.47,38.04,37.2017,681300.0
2016-08-16,UA,38.15,38.78,38.65,38.33,1134100.0
2016-08-17,UA,37.72,38.61,37.92,38.5,688500.0
2016-08-18,UA,37.73,38.25,37.95,37.7505,468400.0
2016-08-19,UA,37.97,39.08,38.76,38.12,736500.0
2016-08-22,UA,38.37,42.943999999999996,38.8,38.69,745400.0
2016-08-23,UA,38.76,39.45,39.28,38.8,793500.0
2016-08-24,UA,38.66,39.5,38.88,39.15,790400.0
2016-08-25,UA,38.03,39.14,38.26,38.9,653000.0
2016-08-26,UA,37.76,38.53,38.0,38.41,585000.0
2016-08-29,UA,37.7,38.461,37.9,38.02,508500.0
2016-08-30,UA,37.14,37.82,37.36,37.74,633200.0
2016-08-31,UA,35.56,36.95,35.65,36.85,1211700.0
2016-09-01,UA,35.23,35.81,35.7,35.54,639900.0
2016-09-02,UA,34.51,35.75,34.58,35.75,904900.0
2016-09-06,UA,34.43,35.09,34.76,34.6903,750900.0
2016-09-07,UA,34.648,35.71,35.58,34.86,1030000.0
2016-09-08,UA,34.89,35.78,35.05,35.23,479000.0
2016-09-09,UA,34.005,34.99,34.01,34.69,731800.0
2016-09-12,UA,33.760999999999996,34.86,34.8,33.86,1058900.0
2016-09-13,UA,33.54,34.63,33.89,34.34,663300.0
2016-09-14,UA,33.56,34.37,33.79,33.79,558000.0
2016-09-15,UA,33.36,33.97,33.86,33.56,816100.0
2016-09-16,UA,33.527,34.376999999999995,34.21,33.84,1048100.0
2016-09-19,UA,33.75,34.42,33.83,34.3,833200.0
2016-09-20,UA,33.4,34.03,33.46,33.9,755800.0
2016-09-21,UA,33.4,34.44,34.3,33.61,560500.0
2016-09-22,UA,34.33,34.76,34.7,34.49,500200.0
2016-09-23,UA,34.259,34.9332,34.28,34.76,454100.0
2016-09-26,UA,33.45,34.049,33.58,34.0,462500.0
2016-09-27,UA,33.16,34.01,33.97,33.45,832700.0
2016-09-28,UA,33.86,34.63,34.37,34.05,977300.0
2016-09-29,UA,33.67,34.68,33.68,34.23,457000.0
2016-09-30,UA,33.641,34.16,33.86,33.99,814200.0
2016-10-03,UA,33.48,34.14,34.05,33.6309,813700.0
2016-10-04,UA,33.49,34.29,33.7,33.91,957200.0
2016-10-05,UA,33.34,33.99,33.38,33.71,1140200.0
2016-10-06,UA,32.628,33.26,32.9,33.24,587500.0
2016-10-07,UA,32.67,33.09,32.85,33.01,485300.0
2016-10-10,UA,33.17,33.489000000000004,33.27,33.4,621400.0
2016-10-11,UA,33.04,33.85,33.21,33.3122,615800.0
2016-10-12,UA,33.1,33.99,33.76,33.17,720600.0
2016-10-13,UA,32.78,33.46,33.39,33.23,588500.0
2016-10-14,UA,33.51,34.2,33.62,33.99,543900.0
2016-10-17,UA,32.69,33.62,32.76,33.5,387900.0
2016-10-18,UA,32.99,33.45,33.31,33.17,512800.0
2016-10-19,UA,33.34,34.16,34.02,33.34,598500.0
2016-10-20,UA,33.29,33.88,33.42,33.83,925500.0
2016-10-21,UA,32.78,33.23,32.96,33.15,870800.0
2016-10-24,UA,32.745,33.4,32.9,33.12,726300.0
2016-10-25,UA,27.58,28.74,28.37,28.09,6816100.0
2016-10-26,UA,27.42,28.37,27.46,28.28,6656900.0
2016-10-27,UA,25.96,27.69,26.49,27.64,3364600.0
2016-10-28,UA,25.91,26.72,25.91,26.6395,2191800.0
2016-10-31,UA,25.53,26.14,25.86,25.89,1483200.0
2016-11-01,UA,25.02,26.098000000000003,25.51,26.01,1917800.0
2016-11-02,UA,25.18,26.09,25.35,25.36,1637800.0
2016-11-03,UA,24.93,25.7002,25.3,25.31,1557400.0
2016-11-04,UA,25.22,25.65,25.61,25.22,1293300.0
2016-11-07,UA,25.82,26.15,25.94,25.98,1151300.0
2016-11-08,UA,25.69,26.12,26.09,25.98,764600.0
2016-11-09,UA,24.63,26.15,25.9,25.11,1353100.0
2016-11-10,UA,25.61,26.73,25.61,26.08,860900.0
2016-11-11,UA,25.45,26.13,25.61,25.64,938800.0
2016-11-14,UA,24.83,25.85,24.88,25.728,1067000.0
2016-11-15,UA,24.8,25.57,25.36,25.01,1148400.0
2016-11-16,UA,24.98,25.42,25.32,25.28,1322100.0
2016-11-17,UA,24.83,25.49,25.27,25.4773,803400.0
2016-11-18,UA,23.565,25.23,23.75,25.23,1803600.0
2016-11-21,UA,23.8,24.179000000000002,23.8,23.84,1138400.0
2016-11-22,UA,23.51,24.09,24.01,23.93,1845600.0
2016-11-23,UA,23.721,24.2308,23.93,24.19,1308100.0
2016-11-25,UA,23.81,24.24,24.14,24.1,479100.0
2016-11-28,UA,24.76,26.63,26.29,25.04,7457400.0
2016-11-29,UA,25.64,26.9424,25.86,26.77,3222300.0
2016-11-30,UA,25.66,26.2178,25.78,25.82,2199800.0
2016-12-01,UA,25.14,26.52,25.2,25.98,1568200.0
2016-12-02,UA,24.58,25.32,24.77,25.3,1736100.0
2016-12-05,UA,24.9,25.37,25.06,24.9701,1713000.0
2016-12-06,UA,25.01,25.5219,25.41,25.45,1202400.0
2016-12-07,UA,26.02,27.28,27.03,26.65,6521900.0
2016-12-08,UA,27.44,28.8513,28.82,28.1,6932700.0
2016-12-09,UA,28.28,29.53,28.81,29.41,4014100.0
2016-12-12,UA,27.5,29.06,27.61,28.9,3197800.0
2016-12-13,UA,27.17,27.98,27.34,27.7,2908400.0
2016-12-14,UA,26.4409,27.4,26.57,27.37,2829100.0
2016-12-15,UA,25.5,26.79,25.8,26.79,3919200.0
2016-12-16,UA,25.45,26.16,25.48,25.89,2928900.0
2016-12-19,UA,25.26,25.8,25.37,25.74,2733000.0
2016-12-20,UA,25.47,25.92,25.69,25.48,3071400.0
2016-12-21,UA,25.48,26.11,26.05,25.96,3754500.0
2016-12-22,UA,25.36,26.1608,25.48,26.07,2436300.0
2016-12-23,UA,25.16,25.733,25.23,25.6299,1441500.0
2016-12-27,UA,25.11,25.5,25.18,25.23,1686100.0
2016-12-28,UA,24.86,25.345,25.23,25.22,1636500.0
2016-12-29,UA,25.07,25.36,25.12,25.28,1783600.0
2016-12-30,UA,24.92,25.33,25.17,25.1699,3574700.0
2017-01-03,UA,25.25,25.85,25.76,25.49,1996500.0
2017-01-04,UA,25.93,26.72,26.57,26.0,2627000.0
2017-01-05,UA,26.03,26.47,26.21,26.45,2527900.0
2017-01-06,UA,26.41,27.07,27.04,26.46,3766300.0
2017-01-09,UA,26.844,27.53,27.02,27.47,2809700.0
2017-01-10,UA,27.06,27.635,27.32,27.12,1711300.0
2017-01-11,UA,26.75,27.48,26.98,27.45,1777700.0
2017-01-12,UA,26.57,26.99,26.84,26.91,1295000.0
2017-01-13,UA,26.119,26.92,26.5,26.79,3140000.0
2017-01-17,UA,25.97,26.47,26.2,26.44,2419600.0
2017-01-18,UA,25.25,26.25,25.35,26.23,2693700.0
2017-01-19,UA,24.9,25.74,25.26,25.6,3873100.0
2017-01-20,UA,24.9,25.54,25.16,25.48,3215900.0
2017-01-23,UA,24.5,25.1896,24.96,25.19,3062100.0
2017-01-24,UA,24.91,25.21,25.12,25.0,2384100.0
2017-01-25,UA,25.4,25.78,25.69,25.44,2130200.0
2017-01-26,UA,25.36,26.25,25.5,25.78,1404800.0
2017-01-27,UA,25.1,25.64,25.52,25.5,1903600.0
2017-01-30,UA,24.825,25.59,25.09,25.56,3275200.0
2017-01-31,UA,18.52,20.08,19.22,18.78,57001600.0
2017-02-01,UA,18.76,19.56,18.8,19.5,14801100.0
2017-02-02,UA,18.05,18.81,18.12,18.81,12632500.0
2017-02-03,UA,18.02,18.2979,18.19,18.25,6407900.0
2017-02-06,UA,18.1,18.4,18.14,18.31,5216800.0
2017-02-07,UA,17.77,18.2806,17.79,18.14,7803800.0
2017-02-08,UA,17.8,18.44,18.3,17.8,6765500.0
2017-02-09,UA,18.33,19.33,19.3,18.35,9278100.0
2017-02-10,UA,18.86,19.56,19.04,19.56,6249300.0
2017-02-13,UA,18.53,19.262,18.65,19.25,4709900.0
2017-02-14,UA,18.85,19.48,19.41,18.86,6239900.0
2017-02-15,UA,19.16,19.91,19.86,19.35,7106600.0
2017-02-16,UA,19.45,19.98,19.63,19.94,4232700.0
2017-02-17,UA,19.5,19.895,19.75,19.6,4778800.0
2017-02-21,UA,19.6,19.91,19.69,19.81,2714300.0
2017-02-22,UA,19.57,20.23,19.78,19.77,3960700.0
2017-02-23,UA,19.57,19.87,19.64,19.87,3444400.0
2017-02-24,UA,19.295,19.88,19.83,19.55,3527700.0
2017-02-27,UA,19.18,19.52,19.28,19.45,4606600.0
2017-02-28,UA,18.5,19.35,18.56,19.28,4603900.0
2017-03-01,UA,18.42,18.8,18.58,18.75,3991300.0
2017-03-02,UA,18.54,19.03,18.96,18.58,2785000.0
2017-03-03,UA,18.529,19.024,18.64,18.98,2660400.0
2017-03-06,UA,18.2,18.64,18.31,18.62,3002800.0
2017-03-07,UA,17.8209,18.27,18.11,18.25,4527800.0
2017-03-08,UA,17.735,18.15,17.75,18.1,3671800.0
2017-03-09,UA,17.37,17.76,17.69,17.75,4011200.0
2017-03-10,UA,17.695,18.238,17.75,17.75,3194000.0
2017-03-13,UA,17.51,17.8805,17.56,17.81,3275200.0
2017-03-14,UA,17.4,17.705,17.62,17.5,2771200.0
2017-03-15,UA,17.52,17.96,17.83,17.671,2213700.0
2017-03-16,UA,17.67,18.34,18.17,17.83,2748000.0
2017-03-17,UA,17.91,18.29,18.08,18.27,3859100.0
2017-03-20,UA,17.88,18.28,18.26,18.08,2103600.0
2017-03-21,UA,17.27,18.21,17.52,18.16,4752800.0
2017-03-22,UA,17.05,17.53,17.51,17.24,3975700.0
2017-03-23,UA,17.35,17.75,17.44,17.47,2245100.0
2017-03-24,UA,17.98,18.525,18.16,18.13,6698200.0
2017-03-27,UA,17.945,18.52,18.3,18.06,3657000.0
2017-03-28,UA,18.25,18.57,18.49,18.36,2665100.0
2017-03-29,UA,18.305,19.05,18.84,18.43,4788200.0
2017-03-30,UA,18.34,18.74,18.37,18.63,3348400.0
2017-03-31,UA,18.23,18.56,18.3,18.4,2767100.0
2017-04-03,UA,18.01,18.63,18.35,18.61,6418700.0
2017-04-04,UA,17.88,18.25,18.02,18.22,4668600.0
2017-04-05,UA,18.02,19.08,18.56,18.08,7405700.0
2017-04-06,UA,18.6,19.38,19.04,18.72,5056800.0
2017-04-07,UA,18.33,18.94,18.43,18.9,4061400.0
2017-04-10,UA,17.96,18.45,18.19,18.42,3626500.0
2017-04-11,UA,17.77,18.22,18.04,18.19,2568000.0
2017-04-12,UA,17.8,18.095,17.86,17.99,1984700.0
2017-04-13,UA,17.69,17.92,17.76,17.86,1943400.0
2017-04-17,UA,17.53,17.83,17.79,17.81,2748200.0
2017-04-18,UA,17.62,17.8,17.76,17.73,1405100.0
2017-04-19,UA,17.69,18.1,17.93,17.81,1906300.0
2017-04-20,UA,17.8,18.175,18.11,17.97,2520300.0
2017-04-21,UA,17.52,18.1222,17.53,18.1,4000700.0
2017-04-24,UA,17.46,17.96,17.93,17.76,4068300.0
2017-04-25,UA,17.8294,18.14,17.97,17.96,2877400.0
2017-04-26,UA,17.97,18.385,18.14,18.05,5079500.0
2017-04-27,UA,19.0,20.0,19.82,19.1212,15165700.0
2017-04-28,UA,19.35,19.75,19.41,19.7,4095800.0
2017-05-01,UA,18.89,19.4,19.02,19.3914,4012500.0
2017-05-02,UA,18.58,19.2295,18.73,19.23,4384000.0
2017-05-03,UA,18.42,18.8,18.69,18.8,3467600.0
2017-05-04,UA,18.42,18.885,18.81,18.58,3110400.0
2017-05-05,UA,18.78,19.1,19.09,18.9194,3039500.0
2017-05-08,UA,18.86,19.28,19.12,19.09,3728900.0
2017-05-09,UA,19.105,19.96,19.81,19.11,3111800.0
2017-05-10,UA,19.61,19.94,19.65,19.86,2324900.0
2017-05-11,UA,19.0,19.8,19.45,19.75,3582500.0
2017-05-12,UA,18.82,19.38,18.9,19.26,3019400.0
2017-05-15,UA,18.6,19.19,18.65,18.9,4381900.0
2017-05-16,UA,17.93,18.52,17.97,18.5,6212900.0
2017-05-17,UA,17.61,18.02,17.7,17.89,4448200.0
2017-05-18,UA,17.41,17.87,17.63,17.6988,3022100.0
2017-05-19,UA,17.213,17.92,17.86,17.58,4110800.0
2017-05-22,UA,17.77,18.1781,17.92,17.86,2184600.0
2017-05-23,UA,17.93,18.21,18.04,18.0,2155300.0
2017-05-24,UA,17.98,18.18,18.11,18.04,2309700.0
2017-05-25,UA,17.95,18.51,18.01,18.2,2372600.0
2017-05-26,UA,17.86,18.22,18.07,18.05,1572200.0
2017-05-30,UA,17.91,18.37,18.01,18.1,2483600.0
2017-05-31,UA,17.47,18.03,17.83,18.02,3681000.0
2017-06-01,UA,17.7905,18.48,18.39,17.9,3323900.0
2017-06-02,UA,18.47,18.935,18.72,18.55,3452600.0
2017-06-05,UA,18.441,19.04,18.95,18.71,2386700.0
2017-06-06,UA,18.54,19.058,18.97,18.8701,2713500.0
2017-06-07,UA,19.0,19.55,19.22,19.02,4888500.0
2017-06-08,UA,19.28,19.94,19.6,19.31,3481400.0
2017-06-09,UA,19.6,20.3,20.21,19.64,3642200.0
2017-06-12,UA,20.16,21.35,21.2,20.18,5923200.0
2017-06-13,UA,20.87,21.805,21.25,21.46,6620400.0
2017-06-14,UA,20.74,21.25,21.09,21.25,4181400.0
2017-06-15,UA,20.15,20.76,20.33,20.49,3978300.0
2017-06-16,UA,19.24,20.29,19.68,20.27,4406700.0
2017-06-19,UA,19.43,19.83,19.67,19.69,2350900.0
2017-06-20,UA,19.0,19.67,19.01,19.66,3297500.0
2017-06-21,UA,18.52,19.09,18.75,19.06,4384200.0
2017-06-22,UA,18.688,19.78,19.24,18.8,2745500.0
2017-06-23,UA,19.02,19.685,19.65,19.24,3008200.0
2017-06-26,UA,19.59,20.075,19.92,19.65,2193100.0
2017-06-27,UA,19.7427,20.26,19.9,19.97,2378900.0
2017-06-28,UA,19.96,20.48,20.0,20.0115,2460700.0
2017-06-29,UA,19.65,20.4,19.8,20.11,2721100.0
2017-06-30,UA,19.89,20.33,20.16,20.03,2481800.0
2017-07-03,UA,20.2,20.6,20.52,20.24,2086400.0
2017-07-05,UA,20.22,20.53,20.4,20.5,1932000.0
2017-07-06,UA,19.02,20.25,19.1,20.22,3786200.0
2017-07-07,UA,18.88,19.41,19.22,19.1003,2165300.0
2017-07-10,UA,18.71,19.226,19.13,19.2,2320100.0
2017-07-11,UA,18.5388,19.07,18.92,19.07,2684900.0
2017-07-12,UA,18.55,19.178,18.58,19.03,2675800.0
2017-07-13,UA,18.6,18.96,18.63,18.64,2203100.0
2017-07-14,UA,18.63,19.05,18.93,18.6494,2970500.0
2017-07-17,UA,18.72,19.2,18.82,19.0,3057300.0
2017-07-18,UA,18.41,18.989,18.68,18.75,3522900.0
2017-07-19,UA,18.66,19.015,18.91,18.66,1796500.0
2017-07-20,UA,18.986,19.391,19.05,19.0,1883800.0
2017-07-21,UA,18.575,19.2,18.84,18.98,3767700.0
2017-07-24,UA,18.23,18.76,18.26,18.6,8232800.0
2017-07-25,UA,18.05,18.4,18.12,18.07,4283000.0
2017-07-26,UA,17.46,18.26,17.55,18.17,5822600.0
2017-07-27,UA,17.17,17.7,17.37,17.62,5227000.0
2017-07-28,UA,17.21,17.474,17.36,17.36,2997300.0
2017-07-31,UA,17.38,18.5,18.11,17.38,6837400.0
2017-08-01,UA,16.15,17.19,16.23,17.0109,23226800.0
2017-08-02,UA,16.02,16.477,16.47,16.19,6117600.0
2017-08-03,UA,16.26,16.64,16.34,16.4697,5188600.0
2017-08-04,UA,16.43,16.75,16.61,16.46,4049100.0
2017-08-07,UA,16.43,16.7,16.63,16.6,2947600.0
2017-08-08,UA,16.709,17.29,17.21,16.71,4376600.0
2017-08-09,UA,17.02,17.42,17.17,17.02,2380000.0
2017-08-10,UA,16.65,17.0,16.82,16.96,3543600.0
2017-08-11,UA,16.69,17.0,16.8,16.71,1951000.0
2017-08-14,UA,16.84,17.1294,17.11,16.86,2569900.0
2017-08-15,UA,16.35,16.855,16.66,16.7,6951200.0
2017-08-16,UA,16.66,16.895,16.68,16.72,2565600.0
2017-08-17,UA,16.28,16.699,16.28,16.6,3776000.0
2017-08-18,UA,15.54,16.1,15.64,16.03,5382600.0
2017-08-21,UA,15.1,15.615,15.15,15.6,5899100.0
2017-08-22,UA,15.12,15.485,15.42,15.2,2868900.0
2017-08-23,UA,15.34,15.64,15.55,15.34,1857200.0
2017-08-24,UA,15.5615,15.93,15.73,15.66,2353800.0
2017-08-25,UA,15.74,15.96,15.94,15.83,2344700.0
2017-08-28,UA,15.71,15.94,15.78,15.9,2056700.0
2017-08-29,UA,15.05,15.6,15.34,15.5,4402200.0
2017-08-30,UA,15.15,15.45,15.18,15.35,3784400.0
2017-08-31,UA,15.085,15.32,15.1,15.21,3602300.0
2017-09-01,UA,14.98,15.5099,15.39,15.23,3544200.0
2017-09-05,UA,15.21,15.8096,15.62,15.26,2707200.0
2017-09-06,UA,15.68,15.96,15.8,15.68,2413600.0
2017-09-07,UA,15.8297,16.02,15.98,15.86,2825200.0
2017-09-08,UA,15.915,16.3,16.12,15.98,2233800.0
2017-09-11,UA,16.15,16.49,16.34,16.27,2825100.0
2017-09-12,UA,15.815,16.26,16.25,16.19,3149200.0
2017-09-13,UA,16.14,16.89,16.87,16.29,3903800.0
2017-09-14,UA,16.29,16.88,16.52,16.85,3727800.0
2017-09-15,UA,16.325,16.55,16.46,16.48,3218000.0
2017-09-18,UA,16.06,16.58,16.14,16.48,2505700.0
2017-09-19,UA,15.58,15.93,15.7,15.87,4988200.0
2017-09-20,UA,15.095,15.7,15.24,15.7,4558300.0
2017-09-21,UA,15.08,15.27,15.13,15.27,2583600.0
2017-09-22,UA,15.030999999999999,15.28,15.04,15.06,2378100.0
2017-09-25,UA,15.17,15.65,15.39,15.17,3478200.0
2017-09-26,UA,15.1,15.5201,15.14,15.45,3561400.0
2017-09-27,UA,14.8,15.14,15.06,15.12,5095000.0
2017-09-28,UA,14.95,15.15,15.07,15.03,2509800.0
2017-09-29,UA,14.96,15.17,15.02,15.09,4255800.0
2017-10-02,UA,14.83,15.09,15.08,15.07,3161200.0
2017-10-03,UA,15.03,15.34,15.26,15.1,2527300.0
2017-10-04,UA,15.02,15.375,15.03,15.25,2797800.0
2017-10-05,UA,14.84,15.19,15.03,15.05,3146700.0
2017-10-06,UA,15.0,15.6,15.46,15.0,4305300.0
2017-10-09,UA,15.07,15.48,15.3,15.45,2691900.0
2017-10-10,UA,15.31,15.69,15.51,15.38,2340300.0
2017-10-11,UA,15.1,15.45,15.15,15.45,2485300.0
2017-10-12,UA,14.88,15.255,15.22,15.05,2797300.0
2017-10-13,UA,14.85,15.345,14.95,15.22,3972200.0
2017-10-16,UA,14.8459,15.11,14.98,14.85,2416300.0
2017-10-17,UA,14.85,15.18,15.11,14.97,2169200.0
2017-10-18,UA,14.94,15.21,14.98,15.13,2461900.0
2017-10-19,UA,14.9,15.15,15.02,14.92,2141500.0
2017-10-20,UA,15.11,16.0199,15.91,15.12,6757900.0
2017-10-23,UA,15.19,15.94,15.22,15.8104,5164700.0
2017-10-24,UA,14.77,15.27,14.83,15.27,5480900.0
2017-10-25,UA,14.29,14.84,14.65,14.79,5815300.0
2017-10-26,UA,14.42,14.825,14.65,14.6,5012000.0
2017-10-27,UA,14.3,14.68,14.4,14.61,5450600.0
2017-10-30,UA,14.11,14.87,14.74,14.17,8795600.0
2017-10-31,UA,11.3992,13.36,11.53,13.02,36954000.0
2017-11-01,UA,10.91,11.82,11.29,11.46,21617500.0
2017-11-02,UA,10.42,11.42,10.84,11.23,18830900.0
2017-11-03,UA,10.54,10.95,10.59,10.93,8896400.0
2017-11-06,UA,10.36,11.03,10.97,10.5,8813200.0
2017-11-07,UA,10.67,11.22,10.74,11.1,7914200.0
2017-11-08,UA,10.525,10.87,10.83,10.73,5559900.0
2017-11-09,UA,10.73,11.24,10.99,10.86,8036500.0
2017-11-10,UA,10.95,11.4,11.37,11.01,7664600.0
2017-11-13,UA,10.91,11.52,10.95,11.35,6980000.0
2017-11-14,UA,10.74,11.06,10.92,10.95,3580100.0
2017-11-15,UA,10.7,11.34,11.11,10.8,4807200.0
2017-11-16,UA,10.89,11.3,11.28,11.11,3843700.0
2017-11-17,UA,11.38,11.88,11.73,11.5,7986400.0
2017-11-20,UA,11.72,12.08,12.07,11.75,6060200.0
2017-11-21,UA,11.31,12.17,11.36,12.1,10578500.0
2017-11-22,UA,11.245,11.775,11.67,11.34,3864500.0
2017-11-24,UA,11.53,11.75,11.59,11.71,2187900.0
2017-11-27,UA,11.27,11.72,11.35,11.62,3453600.0
2017-11-28,UA,11.25,11.56,11.51,11.35,2704000.0
2017-11-29,UA,11.56,12.2491,12.18,11.57,5618700.0
2017-11-30,UA,11.84,12.42,11.93,12.18,4329900.0
2017-12-01,UA,11.53,11.905,11.73,11.9,4208100.0
2017-12-04,UA,11.84,12.09,11.98,11.85,3458200.0
2017-12-05,UA,11.6608,12.08,11.72,12.02,3007100.0
2017-12-06,UA,11.368,11.71,11.55,11.65,3520600.0
2017-12-07,UA,11.56,12.0,11.93,11.57,3205500.0
2017-12-08,UA,11.78,12.29,12.19,11.95,3885300.0
2017-12-11,UA,11.9302,12.228,12.18,12.2,3250700.0
2017-12-12,UA,12.08,12.42,12.38,12.18,3510200.0
2017-12-13,UA,12.2,12.48,12.36,12.44,2793200.0
2017-12-14,UA,12.21,12.545,12.45,12.38,2654300.0
2017-12-15,UA,12.8,13.93,13.62,12.83,18509400.0
2017-12-18,UA,13.41,14.33,14.24,13.91,10300800.0
2017-12-19,UA,14.0,14.36,14.1,14.3,4616900.0
2017-12-20,UA,13.585,14.14,13.72,14.04,5352000.0
2017-12-21,UA,13.59,13.97,13.95,13.77,6676900.0
2017-12-22,UA,13.465,13.92,13.8,13.81,6300600.0
2017-12-26,UA,13.66,14.1,14.07,13.73,3032600.0
2017-12-27,UA,14.05,14.561,14.23,14.1,5030000.0
2017-12-28,UA,14.0,14.27,14.14,14.22,4597300.0
2017-12-29,UA,13.295,14.14,13.32,14.07,6684100.0
2018-01-02,UA,13.23,14.01,13.97,13.4499,6264800.0
2018-01-03,UA,13.97,14.47,14.4,13.97,4839600.0
2018-01-04,UA,14.28,14.79,14.75,14.44,6026600.0
2018-01-05,UA,14.7103,15.69,14.73,14.75,9431300.0
2018-01-08,UA,14.64,15.139000000000001,14.78,14.69,4838100.0
2018-01-09,UA,13.97,14.62,14.1,14.16,8791400.0
2018-01-10,UA,13.67,14.05,13.94,13.85,5960100.0
2018-01-11,UA,13.82,14.49,14.13,13.95,6438800.0
2018-01-12,UA,13.9,14.39,14.14,14.21,4573900.0
2018-01-16,UA,12.3,13.88,12.48,13.74,14256800.0
2018-01-17,UA,12.27,12.66,12.39,12.57,6998600.0
2018-01-18,UA,12.16,12.39,12.37,12.33,6691100.0
2018-01-19,UA,12.397,12.98,12.85,12.4,6101600.0
2018-01-22,UA,12.67,13.28,13.28,12.85,4735100.0
2018-01-23,UA,13.29,13.75,13.59,13.36,4143900.0
2018-01-24,UA,13.23,13.76,13.61,13.61,3964500.0
2018-01-25,UA,13.14,13.73,13.31,13.73,3314300.0
2018-01-26,UA,13.15,13.42,13.27,13.3,2584600.0
2018-01-29,UA,13.1499,13.415,13.18,13.15,3546200.0
2018-01-30,UA,12.77,13.2,12.99,13.08,3014000.0
2018-01-31,UA,12.75,13.05,12.85,13.02,3172900.0
2018-02-01,UA,12.51,12.91,12.7,12.67,2923800.0
2018-02-02,UA,12.2997,12.765,12.41,12.64,2607800.0
2018-02-05,UA,11.86,12.54,11.87,12.25,3088100.0
2018-02-06,UA,11.41,12.1211,12.05,11.65,6084600.0
2018-02-07,UA,12.05,12.53,12.15,12.08,3775200.0
2018-02-08,UA,11.7,12.25,11.95,12.14,3267700.0
2018-02-09,UA,11.92,12.6295,12.46,12.08,5646200.0
2018-02-12,UA,12.6,13.43,13.18,12.61,8042800.0
2018-02-13,UA,14.49,15.65,15.29,14.55,20751100.0
2018-02-14,UA,14.45,16.33,16.14,15.13,10617100.0
2018-02-15,UA,15.72,16.74,16.54,16.16,8754400.0
2018-02-16,UA,15.74,16.83,15.78,16.44,5414200.0
2018-02-20,UA,15.34,16.135,15.41,15.7,4584900.0
2018-02-21,UA,15.31,15.7409,15.32,15.49,3005300.0
2018-02-22,UA,14.91,15.51,14.97,15.37,2887300.0
2018-02-23,UA,14.94,15.4095,15.3,15.05,2210000.0
2018-02-26,UA,15.22,15.59,15.42,15.32,3373600.0
2018-02-27,UA,15.084000000000001,15.925,15.09,15.51,3282700.0
2018-02-28,UA,14.885,15.3,15.05,15.2199,3608300.0
2018-03-01,UA,14.32,15.13,14.39,15.06,5492600.0
2018-03-02,UA,14.02,15.2952,15.23,14.2,5519900.0
2018-03-05,UA,15.03,15.7,15.56,15.13,3610600.0
2018-03-06,UA,15.36,15.85,15.73,15.55,4001900.0
2018-03-07,UA,15.402000000000001,15.73,15.5,15.5307,2661400.0
2018-03-08,UA,15.2,15.64,15.29,15.57,2181400.0
2018-03-09,UA,15.03,15.5,15.18,15.41,2703800.0
2018-03-12,UA,15.0,15.34,15.24,15.2,3179000.0
2018-03-13,UA,14.56,15.45,14.58,15.22,4462000.0
2018-03-14,UA,13.8,14.72,14.02,14.59,6167400.0
2018-03-15,UA,13.76,14.25,13.83,14.06,2784100.0
2018-03-16,UA,13.69,14.259,14.08,13.8705,4076200.0
2018-03-19,UA,13.81,14.24,14.07,14.02,2932400.0
2018-03-20,UA,13.915,14.25,14.01,14.12,2990100.0
2018-03-21,UA,13.93,14.23,14.07,13.93,2244400.0
2018-03-22,UA,13.7,14.1198,13.71,13.94,2056500.0
2018-03-23,UA,13.62,14.04,13.72,13.8,2514500.0
2018-03-26,UA,13.66,14.52,14.46,14.0,3817800.0
2018-03-27,UA,14.235,14.675,14.32,14.46,4122400.0
2018-03-28,UA,14.13,14.6,14.19,14.37,2413600.0
2018-03-29,UA,14.245,14.6,14.35,14.31,2458700.0
2018-04-02,UA,13.84,14.16,13.99,13.99,3548800.0
2018-04-03,UA,14.01,14.77,14.73,14.08,3206600.0
2018-04-04,UA,14.57,15.835,15.64,14.59,6667800.0
2018-04-05,UA,15.05,15.86,15.19,15.55,3424600.0
2018-04-06,UA,14.59,15.22,14.75,15.1,2217500.0
2018-04-09,UA,14.38,14.8298,14.4,14.83,2432400.0
2018-04-10,UA,14.36,14.62,14.58,14.6,1772300.0
2018-04-11,UA,14.36,14.82,14.71,14.36,2044700.0
2018-04-12,UA,14.62,15.06,14.99,14.73,1639700.0
2018-04-13,UA,14.25,15.16,14.34,15.09,3017000.0
2018-04-16,UA,14.27,14.48,14.35,14.41,1528300.0
2018-04-17,UA,14.19,14.45,14.2,14.44,2680500.0
2018-04-18,UA,13.98,14.37,14.02,14.23,2469400.0
2018-04-19,UA,13.9,14.14,14.01,14.02,1567000.0
2018-04-20,UA,13.915,14.18,13.99,13.99,1612400.0
2018-04-23,UA,14.18,14.75,14.61,14.18,3520300.0
2018-04-24,UA,14.6,15.17,14.81,14.68,2998900.0
2018-04-25,UA,14.22,14.8715,14.32,14.85,2245000.0
2018-04-26,UA,14.16,14.71,14.69,14.34,1861300.0
2018-04-27,UA,14.81,15.8503,15.37,14.86,5480600.0
2018-04-30,UA,15.15,15.72,15.35,15.37,4767800.0
2018-05-01,UA,14.39,16.18,16.15,14.77,10260800.0
2018-05-02,UA,15.89,16.82,16.37,15.9182,6222200.0
2018-05-03,UA,15.46,16.32,15.57,16.29,3518700.0
2018-05-04,UA,15.24,15.79,15.73,15.55,2261400.0
2018-05-07,UA,15.69,16.26,16.25,15.86,2981200.0
2018-05-08,UA,16.17,16.715,16.51,16.2,3578200.0
2018-05-09,UA,16.17,16.55,16.51,16.51,2289800.0
2018-05-10,UA,16.37,16.72,16.64,16.54,1791000.0
2018-05-11,UA,16.5,16.975,16.9,16.7,2138500.0
2018-05-14,UA,16.45,16.959,16.66,16.95,1583000.0
2018-05-15,UA,16.575,17.57,17.13,16.65,4646400.0
2018-05-16,UA,17.15,18.52,18.31,17.21,6697400.0
2018-05-17,UA,17.79,18.4,17.84,18.25,4480200.0
2018-05-18,UA,17.58,18.07,18.0,17.86,2952600.0
2018-05-21,UA,17.735,18.08,17.97,18.03,1497800.0
2018-05-22,UA,17.76,18.16,17.81,18.04,1621000.0
2018-05-23,UA,17.75,18.18,17.89,17.78,1717600.0
2018-05-24,UA,17.79,18.5,18.39,17.91,2926600.0
2018-05-25,UA,18.34,18.93,18.88,18.46,4151000.0
2018-05-29,UA,18.305,18.85,18.57,18.65,2723100.0
2018-05-30,UA,18.65,19.29,19.2,18.65,3291500.0
2018-05-31,UA,18.88,19.535,18.92,19.25,3968000.0
2018-06-01,UA,18.95,19.43,19.33,19.12,2977500.0
2018-06-04,UA,19.42,20.6,20.47,19.52,6048000.0
2018-06-05,UA,20.1,21.3,21.3,20.47,5357300.0
2018-06-06,UA,21.32,22.58,22.1,21.46,9963000.0
2018-06-07,UA,21.41,22.46,21.65,22.3887,5458400.0
2018-06-08,UA,21.38,22.4,22.4,21.57,4490000.0
2018-06-11,UA,22.11,22.5019,22.17,22.44,4748400.0
2018-06-12,UA,21.95,22.3,22.13,22.29,3171800.0
2018-06-13,UA,21.73,22.28,21.77,22.04,3294100.0
2018-06-14,UA,21.41,22.1191,21.73,21.79,3730300.0
2018-06-15,UA,21.34,21.98,21.47,21.55,4358900.0
2018-06-18,UA,20.47,21.57,21.56,21.28,3574600.0
2018-06-19,UA,20.725,21.43,20.86,21.17,3272900.0
2018-06-20,UA,20.86,21.43,21.36,21.07,2494600.0
2018-06-21,UA,21.025,21.67,21.08,21.16,1916900.0
2018-06-22,UA,20.77,21.36,20.79,21.2707,3222200.0
2018-06-25,UA,20.21,20.91,20.76,20.67,2945900.0
2018-06-26,UA,20.665,21.29,21.08,20.79,2043300.0
2018-06-27,UA,20.91,21.795,21.22,21.05,2794500.0
2018-06-28,UA,21.02,21.855,21.84,21.15,3331500.0
2018-06-29,UA,21.04,22.68,21.08,22.19,4638700.0
2018-07-02,UA,20.54,21.36,21.15,20.95,3962900.0
2018-07-03,UA,21.04,21.485,21.1,21.24,1491500.0
2018-07-05,UA,20.45,21.26,20.75,21.2,1816100.0
2018-07-06,UA,20.665,21.13,20.87,20.75,1268600.0
2018-07-09,UA,20.32,21.03,20.8,20.97,2880800.0
2018-07-10,UA,20.744,21.16,21.15,20.84,1797200.0
2018-07-11,UA,20.725,21.24,20.84,20.84,1386600.0
2018-07-12,UA,20.435,21.0,20.5,21.0,1925700.0
2018-07-13,UA,19.875,20.72,20.23,20.53,2435000.0
2018-07-16,UA,19.995,20.41,20.11,20.15,2564600.0
2018-07-17,UA,19.94,20.33,20.01,20.0,2611400.0
2018-07-18,UA,19.92,20.375,20.02,20.0,3865100.0
2018-07-19,UA,19.72,20.3401,20.19,19.92,2824700.0
2018-07-20,UA,19.99,20.53,20.02,20.17,1460200.0
2018-07-23,UA,19.7344,20.14,19.83,20.02,1551900.0
2018-07-24,UA,19.19,19.96,19.24,19.92,2735600.0
2018-07-25,UA,18.86,19.76,19.74,19.09,3185200.0
2018-07-26,UA,18.85,21.02,20.55,19.74,5609500.0
2018-07-27,UA,18.44,20.66,19.28,20.31,4570300.0
2018-07-30,UA,18.66,19.19,18.68,19.12,2421100.0
2018-07-31,UA,18.558,19.145,18.74,18.82,3102900.0
2018-08-01,UA,17.660999999999998,18.69,17.77,18.38,4021300.0
2018-08-02,UA,17.63,18.25,18.17,17.67,2784600.0
2018-08-03,UA,18.25,18.93,18.38,18.27,3051300.0
2018-08-06,UA,18.107,18.48,18.37,18.28,1806300.0
2018-08-07,UA,18.3,18.61,18.49,18.38,1946300.0
2018-08-08,UA,18.49,18.88,18.76,18.49,1932600.0
2018-08-09,UA,18.73,19.25,19.15,18.79,1914000.0
2018-08-10,UA,18.95,19.27,19.14,18.98,1468700.0
2018-08-13,UA,19.07,19.69,19.21,19.25,2758100.0
2018-08-14,UA,19.25,20.03,19.79,19.3091,2653400.0
2018-08-15,UA,18.87,19.59,19.02,19.54,2345200.0
2018-08-16,UA,18.94,19.34,19.22,19.16,1262900.0
2018-08-17,UA,18.92,19.3,18.92,19.19,1214900.0
2018-08-20,UA,18.93,19.47,19.45,18.93,2014900.0
2018-08-21,UA,19.64,20.02,19.86,19.64,1832100.0
2018-08-22,UA,19.68,20.24,19.82,19.85,1408600.0
2018-08-23,UA,19.67,20.04,19.94,19.8004,1944500.0
2018-08-24,UA,19.53,19.94,19.71,19.86,2173400.0
2018-08-27,UA,18.97,19.775,19.03,19.73,1958100.0
2018-08-28,UA,18.85,19.37,19.29,19.0,1629000.0
2018-08-29,UA,17.87,19.32,19.3,18.72,6093000.0
2018-08-30,UA,18.87,19.35,19.04,19.19,2221500.0
2018-08-31,UA,18.81,19.2,18.97,19.0814,1896900.0
2018-09-04,UA,18.92,19.42,19.31,18.918,3048800.0
2018-09-05,UA,18.61,19.31,19.19,19.27,2830100.0
2018-09-06,UA,19.06,19.5,19.18,19.21,1950800.0
2018-09-07,UA,18.315,19.19,18.42,19.05,3231000.0
2018-09-10,UA,18.44,18.9017,18.72,18.5,2440800.0
2018-09-11,UA,18.63,18.91,18.76,18.77,2252800.0
2018-09-12,UA,18.585,18.84,18.64,18.71,1564900.0
2018-09-13,UA,18.27,18.75,18.35,18.65,1374400.0
2018-09-14,UA,17.43,18.39,17.74,18.38,3061900.0
2018-09-17,UA,17.48,18.05,17.67,17.7,2868500.0
2018-09-18,UA,17.41,17.83,17.46,17.68,3148100.0
2018-09-19,UA,17.0449,17.61,17.28,17.34,1974800.0
2018-09-20,UA,17.44,18.45,18.15,17.44,5526400.0
2018-09-21,UA,18.15,18.89,18.7,18.32,5679500.0
2018-09-24,UA,18.29,18.97,18.84,18.63,2055300.0
2018-09-25,UA,18.4,18.95,18.74,18.91,1772400.0
2018-09-26,UA,18.54,19.46,19.27,18.65,2507600.0
2018-09-27,UA,19.136,19.66,19.24,19.43,1697500.0
2018-09-28,UA,19.12,19.72,19.46,19.18,2141300.0
2018-10-01,UA,19.29,19.75,19.34,19.64,2227300.0
2018-10-02,UA,18.47,19.38,18.52,19.38,2685200.0
2018-10-03,UA,18.24,19.07,18.85,18.54,1709900.0
2018-10-04,UA,18.1491,18.9,18.29,18.85,1872500.0
2018-10-05,UA,17.58,18.37,17.81,18.25,2212100.0
2018-10-08,UA,17.35,17.89,17.68,17.7506,1824600.0
2018-10-09,UA,17.66,18.25,17.72,17.67,1719300.0
2018-10-10,UA,16.755,17.61,16.81,17.61,3054000.0
2018-10-11,UA,16.61,17.36,16.82,16.75,3959600.0
2018-10-12,UA,16.87,17.36,17.27,17.14,2514000.0
2018-10-15,UA,17.075,17.56,17.31,17.22,1317700.0
2018-10-16,UA,17.23,17.925,17.91,17.41,2569400.0
2018-10-17,UA,17.35,18.0498,17.56,17.94,1292200.0
2018-10-18,UA,17.015,17.7,17.14,17.43,1751300.0
2018-10-19,UA,16.68,17.29,16.8,17.29,2235400.0
2018-10-22,UA,16.76,17.16,17.04,16.82,1653800.0
2018-10-23,UA,16.39,17.065,16.94,16.71,2386500.0
2018-10-24,UA,16.72,17.22,16.74,16.9994,2162800.0
2018-10-25,UA,16.75,17.19,17.03,16.8615,1799300.0
2018-10-26,UA,15.95,16.84,16.55,16.77,3200400.0
2018-10-29,UA,16.375,17.445,16.81,16.86,4068600.0
2018-10-30,UA,19.16,21.0698,20.97,19.84,12470900.0
2018-10-31,UA,19.81,21.46,19.83,20.8,6971600.0
2018-11-01,UA,19.51,21.41,21.11,19.83,4580500.0
2018-11-02,UA,20.94,21.7,21.42,21.1,3477600.0
2018-11-05,UA,21.3588,22.23,21.46,21.94,4608600.0
2018-11-06,UA,20.511,21.3007,20.91,21.3,3881400.0
2018-11-07,UA,20.21,20.92,20.66,20.84,2820600.0
2018-11-08,UA,20.31,20.8,20.74,20.58,2708800.0
2018-11-09,UA,20.45,21.22,20.74,20.51,2850100.0
2018-11-12,UA,20.5599,21.4,20.82,20.73,2975200.0
2018-11-13,UA,20.81,21.45,21.11,20.81,3284500.0
2018-11-14,UA,20.9,21.895,20.95,21.33,3026600.0
2018-11-15,UA,19.83,20.9,20.9,20.67,3702700.0
2018-11-16,UA,20.0056,20.68,20.21,20.68,3419700.0
2018-11-19,UA,19.25,20.2194,19.42,20.11,3300200.0
2018-11-20,UA,18.72,19.53,19.38,18.96,3298800.0
2018-11-21,UA,19.64,20.17,20.03,19.67,2393600.0
2018-11-23,UA,19.82,20.175,20.08,19.89,1318300.0
2018-11-26,UA,20.19,20.7797,20.66,20.21,2520500.0
2018-11-27,UA,19.94,20.5,20.4,20.3701,2608900.0
2018-11-28,UA,20.49,21.835,21.57,20.58,4256900.0
2018-11-29,UA,20.97,22.0,21.75,21.48,2886500.0
2018-11-30,UA,21.88,22.76,22.33,22.0,4723200.0
2018-12-03,UA,22.46,23.28,22.53,22.8,4191900.0
2018-12-04,UA,21.73,22.808000000000003,21.97,22.5,3562300.0
2018-12-06,UA,21.46,22.58,22.58,21.6,3909400.0
2018-12-07,UA,21.82,22.82,22.07,22.62,4241700.0
2018-12-10,UA,20.8398,22.18,21.01,22.05,3521000.0
2018-12-11,UA,20.59,21.405,20.87,21.26,2897400.0
2018-12-12,UA,18.395,20.08,19.01,20.05,8768400.0
2018-12-13,UA,17.63,19.05,17.81,18.91,7154400.0
2018-12-14,UA,17.32,18.27,17.73,17.54,4256200.0
2018-12-17,UA,16.91,17.88,17.02,17.49,3612100.0
2018-12-18,UA,16.92,17.6897,17.4,17.19,3209800.0
2018-12-19,UA,16.435,17.32,16.64,17.3,3033800.0
2018-12-20,UA,15.96,16.87,16.08,16.64,5253800.0
2018-12-21,UA,15.33,16.36,15.41,16.24,5145300.0
2018-12-24,UA,15.06,15.79,15.19,15.23,1937400.0
2018-12-26,UA,15.05,16.27,16.23,15.25,2559600.0
2018-12-27,UA,15.54,16.26,16.25,16.0,2270800.0
2018-12-28,UA,15.91,16.48,15.99,16.25,2267400.0
2018-12-31,UA,16.05,16.425,16.17,16.06,2277700.0
2019-01-02,UA,15.75,16.57,16.45,15.97,2711600.0
2019-01-03,UA,15.72,16.39,15.96,16.28,2282000.0
2019-01-04,UA,16.21,16.755,16.6,16.21,1770500.0
2019-01-07,UA,16.52,17.3,17.11,16.72,1909200.0
2019-01-08,UA,17.05,17.5,17.24,17.35,1928900.0
2019-01-09,UA,17.21,17.73,17.62,17.425,1829600.0
2019-01-10,UA,17.031,17.7,17.55,17.2,2132100.0
2019-01-11,UA,17.44,18.13,17.86,17.45,2382700.0
2019-01-14,UA,17.68,18.075,17.88,17.72,1744800.0
2019-01-15,UA,17.779,18.05,17.92,17.88,2286600.0
2019-01-16,UA,17.76,18.2,17.77,17.95,1294000.0
2019-01-17,UA,17.58,18.21,18.15,17.62,1883800.0
2019-01-18,UA,18.18,18.57,18.55,18.42,2374400.0
2019-01-22,UA,18.46,19.07,18.59,18.97,3254000.0
2019-01-23,UA,18.31,18.74,18.4,18.61,1720400.0
2019-01-24,UA,18.29,18.8598,18.86,18.39,2007500.0
2019-01-25,UA,18.88,19.53,19.49,18.9,2385300.0
2019-01-28,UA,19.11,19.56,19.37,19.27,1864500.0
2019-01-29,UA,18.844,19.4,18.93,19.32,1395800.0
2019-01-30,UA,18.89,19.1,19.01,19.06,1310800.0
2019-01-31,UA,18.67,19.06,18.94,19.06,2174600.0
2019-02-01,UA,18.71,19.07,18.86,18.8908,1288400.0
2019-02-04,UA,18.8013,19.01,18.93,18.83,1190800.0
2019-02-05,UA,19.08,19.3,19.1,19.15,1684500.0
2019-02-06,UA,18.57,19.14,18.93,19.08,1555300.0
2019-02-07,UA,18.46,18.833,18.63,18.8,2127900.0
2019-02-08,UA,18.63,19.05,19.04,18.6315,2485200.0
2019-02-11,UA,18.95,19.37,19.15,19.15,2392100.0
2019-02-12,UA,18.25,20.45,20.01,18.73,10149700.0
2019-02-13,UA,19.79,20.68,19.88,20.31,5238200.0
2019-02-14,UA,19.56,20.06,19.78,19.66,2667000.0
2019-02-15,UA,18.83,20.1,19.04,19.95,5324400.0
2019-02-19,UA,18.8294,19.52,19.39,18.83,4010100.0
2019-02-20,UA,19.06,19.43,19.18,19.36,2189200.0
2019-02-21,UA,18.88,19.637,19.41,19.28,2961700.0
2019-02-22,UA,19.4,19.69,19.66,19.47,1868300.0
2019-02-25,UA,19.55,20.03,19.63,19.87,2500900.0
2019-02-26,UA,19.24,19.64,19.37,19.52,3626900.0
2019-02-27,UA,19.38,20.195,20.08,19.47,4550800.0
2019-02-28,UA,20.03,20.55,20.08,20.04,3036300.0
2019-03-01,UA,20.105,20.85,20.41,20.38,2078700.0
2019-03-04,UA,19.8,20.56,19.85,20.41,1717400.0
2019-03-05,UA,19.76,20.01,19.83,19.93,1760500.0
2019-03-06,UA,19.295,19.86,19.43,19.8,1675400.0
2019-03-07,UA,19.2,19.62,19.36,19.33,1925300.0
2019-03-08,UA,18.926,19.26,19.11,19.2,1576000.0
2019-03-11,UA,19.15,19.72,19.69,19.19,1843800.0
2019-03-12,UA,19.07,19.77,19.69,19.6,4281600.0
2019-03-13,UA,19.56,19.94,19.7,19.73,2298600.0
2019-03-14,UA,19.6543,19.945,19.9,19.7,1420700.0
2019-03-15,UA,19.74,20.23,19.8,19.97,2370500.0
2019-03-18,UA,19.52,19.96,19.85,19.8008,1975000.0
2019-03-19,UA,19.665,20.035,19.73,19.84,1835400.0
2019-03-20,UA,19.0,19.8,19.0,19.72,1739600.0
2019-03-21,UA,18.921,19.31,19.28,18.98,1304000.0
2019-03-22,UA,18.38,19.2,18.41,19.09,2131100.0
2019-03-25,UA,18.16,18.6094,18.58,18.36,1723100.0
2019-03-26,UA,18.51,18.885,18.59,18.885,1421500.0
2019-03-27,UA,18.43,18.76,18.72,18.62,1234900.0
2019-03-28,UA,18.87,19.21,18.95,18.965,1231400.0
2019-03-29,UA,18.815,19.2,18.87,19.085,1456000.0
2019-04-01,UA,18.7,19.04,18.84,18.97,1375100.0
2019-04-02,UA,18.69,19.09,19.03,18.78,1592600.0
2019-04-03,UA,19.11,19.41,19.14,19.15,1948000.0
2019-04-04,UA,19.19,19.8,19.77,19.2,1721900.0
2019-04-05,UA,19.46,19.903,19.64,19.8,1474200.0
2019-04-08,UA,19.32,19.587,19.5,19.56,1433900.0
2019-04-09,UA,18.54,19.445,18.71,19.36,2461300.0
2019-04-10,UA,18.92,19.4,19.32,19.02,1918000.0
2019-04-11,UA,19.229,19.59,19.34,19.36,910800.0
2019-04-12,UA,19.41,19.73,19.69,19.41,979100.0
2019-04-15,UA,19.68,19.94,19.77,19.71,1537500.0
2019-04-16,UA,19.449,19.84,19.5,19.79,1665900.0
2019-04-17,UA,19.47,19.93,19.66,19.5,2132300.0
2019-04-18,UA,19.52,19.92,19.74,19.56,2213600.0
2019-04-22,UA,19.42,19.76,19.54,19.65,1431400.0
2019-04-23,UA,19.605,20.04,19.94,19.64,2465200.0
2019-04-24,UA,19.825,20.441,20.3,19.99,2042600.0
2019-04-25,UA,19.94,20.29,20.1,20.25,2718100.0
2019-04-26,UA,20.057000000000002,20.442999999999998,20.4,20.17,1477400.0
2019-04-29,UA,20.43,20.69,20.56,20.44,1447400.0
2019-04-30,UA,20.48,20.855999999999998,20.72,20.61,2595100.0
2019-05-01,UA,19.625,20.89,19.68,20.76,4391300.0
2019-05-02,UA,20.26,21.65,20.39,21.22,5326600.0
2019-05-03,UA,19.9,20.47,20.24,20.41,2665100.0
2019-05-06,UA,19.45,19.955,19.86,19.79,1985800.0
2019-05-07,UA,19.325,19.965,19.51,19.74,2714000.0
2019-05-08,UA,19.36,20.0,19.8,19.5,1987200.0
2019-05-09,UA,19.24,19.775,19.61,19.77,2487000.0
2019-05-10,UA,18.94,19.56,19.23,19.44,2633200.0
2019-05-13,UA,18.4,18.89,18.53,18.75,2367000.0
2019-05-14,UA,18.48,19.17,19.13,18.5904,2240200.0
2019-05-15,UA,18.85,19.175,18.95,18.98,2169400.0
2019-05-16,UA,18.99,19.53,19.36,18.99,2103000.0
2019-05-17,UA,19.84,20.85,20.7,20.01,6150900.0
2019-05-20,UA,20.27,20.94,20.86,20.57,4049400.0
2019-05-21,UA,20.59,21.1685,21.16,20.89,2918000.0
2019-05-22,UA,20.92,21.405,21.37,20.96,2566600.0
2019-05-23,UA,20.72,21.3,20.85,21.2,3173600.0
2019-05-24,UA,20.69,21.03,20.91,20.96,2009200.0
2019-05-28,UA,20.96,21.3396,20.96,21.02,2174100.0
2019-05-29,UA,20.13,20.87,20.32,20.87,2491000.0
2019-05-30,UA,20.02,20.565,20.44,20.2493,1409600.0
2019-05-31,UA,20.08,20.54,20.23,20.08,2097000.0
2019-06-03,UA,20.1,20.8292,20.72,20.15,2691900.0
2019-06-04,UA,20.95,21.7191,21.7,20.99,2844300.0
2019-06-05,UA,21.7196,22.65,22.6,21.82,2993000.0
2019-06-06,UA,22.326999999999998,22.75,22.53,22.61,2102900.0
2019-06-07,UA,22.57,22.9403,22.89,22.69,1818900.0
2019-06-10,UA,22.68,23.39,22.69,22.89,2033100.0
2019-06-11,UA,22.76,23.18,23.1,22.78,1889500.0
2019-06-12,UA,22.86,23.29,22.92,23.11,1270900.0
2019-06-13,UA,23.15,23.65,23.49,23.2,1942400.0
2019-06-14,UA,23.41,23.91,23.85,23.41,1608700.0
2019-06-17,UA,23.37,23.921,23.52,23.79,1413600.0
2019-06-18,UA,23.65,24.17,24.0,23.73,1943100.0
2019-06-19,UA,23.66,24.1018,23.75,24.04,1641600.0
2019-06-20,UA,23.43,24.1138,23.49,24.08,1795000.0
2019-06-21,UA,22.98,23.42,23.1,23.4,2236000.0
2019-06-24,UA,22.38,23.27,22.45,22.91,2410200.0
2019-06-25,UA,21.8,22.68,21.86,22.45,2364900.0
2019-06-26,UA,21.77,22.37,22.07,21.9,1805300.0
2019-06-27,UA,21.87,22.255,22.15,21.98,1863900.0
2019-06-28,UA,22.05,22.33,22.2,22.26,2381200.0
2019-07-01,UA,21.93,22.72,22.07,22.58,1616800.0
2019-07-02,UA,21.925,22.35,22.33,22.03,1631800.0
2019-07-03,UA,22.26,22.71,22.7,22.38,1024600.0
2019-07-05,UA,22.36,22.73,22.65,22.55,1156000.0
2019-07-08,UA,22.5105,23.19,23.13,22.53,1703300.0
2019-07-09,UA,22.94,23.37,23.21,23.01,1388400.0
2019-07-10,UA,22.72,23.3,23.02,23.26,1610300.0
2019-07-11,UA,22.8,23.255,23.22,23.0894,1113000.0
2019-07-12,UA,23.31,24.18,23.98,23.31,2103300.0
2019-07-15,UA,23.983,24.4099,24.3,24.02,2135000.0
2019-07-16,UA,24.085,24.4644,24.26,24.3,2426800.0
2019-07-17,UA,23.585,24.23,23.83,24.17,2470000.0
2019-07-18,UA,23.62,23.965,23.91,23.78,1621600.0
2019-07-19,UA,23.92,24.23,23.95,24.09,1285700.0
2019-07-22,UA,23.585,24.12,23.61,24.0,975400.0
2019-07-23,UA,23.55,24.17,24.16,23.85,1363000.0
2019-07-24,UA,23.925,24.55,24.23,24.17,1185300.0
2019-07-25,UA,24.06,24.5394,24.14,24.23,1842300.0
2019-07-26,UA,23.99,24.38,24.17,24.14,1189300.0
2019-07-29,UA,23.93,24.45,24.39,24.18,2516000.0
2019-07-30,UA,19.6,21.3397,21.05,20.2,8916700.0
2019-07-31,UA,20.11,21.15,20.34,21.0,4160900.0
2019-08-01,UA,18.89,20.4399,19.12,20.37,4653200.0
2019-08-02,UA,18.88,19.52,19.19,19.0003,3604200.0
2019-08-05,UA,18.2,18.83,18.4,18.73,2445900.0
2019-08-06,UA,18.41,19.06,18.97,18.62,2501500.0
2019-08-07,UA,18.59,18.92,18.84,18.73,3022900.0
2019-08-08,UA,18.55,19.01,18.8,18.98,2544100.0
2019-08-09,UA,18.01,18.8,18.15,18.6185,3094600.0
2019-08-12,UA,17.58,18.08,17.7,18.05,1843000.0
2019-08-13,UA,17.41,18.3401,17.83,17.59,2782300.0
2019-08-14,UA,16.96,17.47,16.96,17.43,3036100.0
2019-08-15,UA,16.31,17.2001,16.5,17.02,2043500.0
2019-08-16,UA,16.31,17.2,16.79,16.69,1541000.0
2019-08-19,UA,16.84,17.09,16.85,17.07,1526700.0
2019-08-20,UA,16.45,16.9,16.74,16.72,3032900.0
2019-08-21,UA,16.77,17.073,16.92,16.91,1714200.0
2019-08-22,UA,16.955,17.26,17.14,17.02,2089700.0
2019-08-23,UA,16.1,16.94,16.15,16.8,2764600.0
2019-08-26,UA,16.19,16.48,16.31,16.36,1931200.0
2019-08-27,UA,16.12,16.5,16.12,16.47,2834600.0
2019-08-28,UA,15.97,16.63,16.5,16.0,1601100.0
2019-08-29,UA,16.67,17.035,16.96,16.74,2099200.0
2019-08-30,UA,16.9,17.25,16.92,17.12,1803100.0
2019-09-03,UA,16.61,16.91,16.88,16.87,1324500.0
2019-09-04,UA,16.96,17.47,17.24,16.98,1641200.0
2019-09-05,UA,17.46,17.93,17.91,17.53,1615800.0
2019-09-06,UA,17.6,18.18,17.78,18.03,1474300.0
2019-09-09,UA,17.725,18.36,18.32,17.8,2178500.0
2019-09-10,UA,18.2,18.6,18.6,18.25,1515200.0
2019-09-11,UA,18.22,19.15,19.14,18.6,1854700.0
2019-09-12,UA,19.03,19.375,19.23,19.27,1485900.0
2019-09-13,UA,19.022000000000002,19.475,19.07,19.29,2369400.0
2019-09-16,UA,18.82,19.195,19.02,18.9,1581600.0
2019-09-17,UA,18.63,19.03,19.02,18.95,1289200.0
2019-09-18,UA,18.61,19.09,18.89,19.04,1694100.0
2019-09-19,UA,18.29,18.91,18.42,18.89,2113600.0
2019-09-20,UA,17.964000000000002,18.72,17.98,18.51,2442000.0
2019-09-23,UA,17.91,18.3,17.99,17.95,1034000.0
2019-09-24,UA,17.47,18.166,17.66,18.16,1749100.0
2019-09-25,UA,17.64,18.15,17.85,17.7,1511400.0
2019-09-26,UA,17.73,18.05,17.97,17.91,994900.0
2019-09-27,UA,17.72,18.26,17.79,18.0,1476700.0
